{"version":"0.4","title":"Header","type":"page","content":[{"id":"2e1e997e","settings":{"gap":"no","custom_height":{"unit":"px","size":0},"content_position":"middle","structure":"33","background_background":"classic","background_color":"#000000","margin":{"unit":"px","top":"0","right":0,"bottom":"0","left":0,"isLinked":true},"padding_tablet":{"unit":"px","top":"75","right":"20","bottom":"30","left":"20","isLinked":false},"padding_mobile":{"unit":"px","top":"65","right":"20","bottom":"20","left":"20","isLinked":false},"height":"min-height","html_tag":"header","padding":{"unit":"px","top":"0","right":"0","bottom":"0","left":"0","isLinked":true}},"elements":[{"id":"223aeb3e","settings":{"_column_size":25,"_inline_size":null,"_inline_size_mobile":50},"elements":[{"id":"2ab31747","settings":{"title":"STOCK MANAGEMENT","title_color":"#FFFFFF","link":{"url":"http:\/\/localhost\/RFC\/","is_external":"","nofollow":"","custom_attributes":""},"header_size":"h3"},"elements":[],"isInner":false,"widgetType":"heading","elType":"widget"}],"isInner":false,"elType":"column"},{"id":"337c4407","settings":{"_column_size":50,"_inline_size":70.439,"_inline_size_mobile":35},"elements":[{"id":"2931718e","settings":{"align_items":"right","animation_text":"sink","toggle_align":"right","color_menu_item":"#ffffff","color_menu_item_hover":"#00ce1b","pointer_color_menu_item_hover":"#00ce1b","menu_typography_typography":"custom","menu_typography_font_size":{"unit":"px","size":15},"pointer_width":{"unit":"px","size":5},"color_dropdown_item":"#000000","background_color_dropdown_item":"#f2f2f2","color_dropdown_item_hover":"#00ce1b","background_color_dropdown_item_hover":"#ededed","dropdown_typography_typography":"custom","dropdown_typography_font_size":{"unit":"px","size":15},"toggle_color":"#ffffff","toggle_color_hover":"#00ce1b","toggle_size":{"unit":"px","size":25},"toggle_border_width":{"unit":"px","size":0},"toggle_border_radius":{"unit":"px","size":0},"menu_typography_font_weight":"500","padding_vertical_menu_item":{"unit":"px","size":40},"full_width":"stretch","dropdown_top_distance_tablet":{"unit":"px","size":45},"dropdown_top_distance_mobile":{"unit":"px","size":35}},"elements":[],"isInner":false,"widgetType":"nav-menu","elType":"widget"}],"isInner":false,"elType":"column"},{"id":"1b07f205","settings":{"_column_size":25,"_inline_size":4.561,"_inline_size_mobile":15},"elements":[],"isInner":false,"elType":"column"}],"isInner":false,"elType":"section"}]}