{"version":"0.4","title":"Footer","type":"page","content":[{"id":"5bb9903b","settings":{"structure":"20","background_background":"classic","background_color":"rgba(122, 122, 122, 0.58)","border_radius":{"unit":"px","top":"0","right":"0","bottom":"0","left":"0","isLinked":true},"margin":{"unit":"px","top":"0","right":0,"bottom":"0","left":0,"isLinked":true},"padding":{"unit":"px","top":"17","right":"0","bottom":"0","left":"0","isLinked":false}},"elements":[{"id":"7e50a4ad","settings":{"_column_size":50,"_inline_size":null},"elements":[{"id":"62938504","settings":{"title":"STOCK MANAGEMENT ","title_color":"#000000","typography_typography":"custom","typography_font_family":"Poppins","typography_font_size":{"unit":"px","size":18,"sizes":[]}},"elements":[],"isInner":false,"widgetType":"heading","elType":"widget"}],"isInner":false,"elType":"column"},{"id":"7d88cf7e","settings":{"_column_size":50,"_inline_size":null},"elements":[{"id":"438e8d7","settings":{"editor":"<p>All Rights Reserved 2021<\/p>","align":"center","typography_typography":"custom","typography_font_family":"Poppins"},"elements":[],"isInner":false,"widgetType":"text-editor","elType":"widget"}],"isInner":false,"elType":"column"}],"isInner":false,"elType":"section"}]}