{"version":"0.4","title":"Home","type":"page","content":[{"id":"c270d59","settings":{"height":"min-height","custom_height":{"unit":"vh","size":100},"content_position":"middle","background_background":"classic","background_position":"center center","background_size":"cover","gap":"no","background_overlay_color":"#000000","padding":{"unit":"px","top":"0","right":"0","bottom":"0","left":"0","isLinked":true},"structure":"20","custom_height_tablet":{"unit":"px","size":800},"custom_height_mobile":{"unit":"px","size":612},"padding_tablet":{"unit":"px","top":"0","right":"25","bottom":"0","left":"25","isLinked":false},"padding_mobile":{"unit":"px","top":"05","right":"25","bottom":"0","left":"25","isLinked":false},"reverse_order_mobile":"reverse-mobile","background_color":"#000000","background_image":{"url":"http:\/\/localhost\/RFC\/wp-content\/uploads\/2021\/02\/alex-txyg4zx7ksu-unsplash.jpeg","id":87},"background_overlay_background":"classic","background_overlay_opacity":{"unit":"px","size":0.69,"sizes":[]}},"elements":[{"id":"27cac33c","settings":{"_column_size":50,"_inline_size":null,"padding":{"unit":"%","top":"0","right":"10","bottom":"0","left":"0","isLinked":false},"padding_mobile":{"unit":"px","top":"25","right":"0","bottom":"0","left":"0","isLinked":false}},"elements":[{"id":"48ba312e","settings":{"title":"STOCK MANAGEMENT ","align":"center","title_color":"#ffffff","typography_typography":"custom","typography_font_size":{"unit":"px","size":65},"typography_font_weight":"600","align_mobile":"center","typography_font_size_tablet":{"unit":"px","size":45},"typography_font_size_mobile":{"unit":"px","size":35},"typography_line_height_tablet":{"unit":"em","size":1.2}},"elements":[],"isInner":false,"widgetType":"heading","elType":"widget"},{"id":"4cc19529","settings":{"text":"Go to store","align":"center","typography_typography":"custom","typography_font_size":{"unit":"px","size":15},"typography_font_weight":"600","typography_text_transform":"uppercase","button_text_color":"#000000","background_color":"#ffffff","hover_color":"#ffffff","button_background_hover_color":"#00ce1b","hover_animation":"grow","border_radius":{"unit":"px","top":"0","right":"0","bottom":"0","left":"0","isLinked":true},"text_padding":{"unit":"px","top":"15","right":"45","bottom":"15","left":"45","isLinked":false},"align_mobile":"center","link":{"url":"http:\/\/localhost\/RFC\/in-store-items\/","is_external":"","nofollow":"","custom_attributes":""}},"elements":[],"isInner":false,"widgetType":"button","elType":"widget"}],"isInner":false,"elType":"column"},{"id":"3a6ee3c7","settings":{"_column_size":50,"_inline_size":null},"elements":[{"id":"5d151138","settings":{"image":{"id":86,"url":"http:\/\/localhost\/RFC\/wp-content\/uploads\/2021\/02\/jamie-street-vp4wmibxvcy-unsplash.jpeg"},"image_size":"full","space":{"unit":"%","size":65},"space_tablet":{"unit":"%","size":100},"space_mobile":{"unit":"%","size":25},"align":"right"},"elements":[],"isInner":false,"widgetType":"image","elType":"widget"}],"isInner":false,"elType":"column"}],"isInner":false,"elType":"section"}]}